<?xml version="1.0" encoding="UTF-8"?>
<metadata xml:lang="en"><Esri><CreaDate>20120417</CreaDate><CreaTime>16104000</CreaTime><ArcGISFormat>1.0</ArcGISFormat><SyncOnce>FALSE</SyncOnce><DataProperties><itemProps><itemName Sync="TRUE">add_coastpoly_Erase</itemName><imsContentType Sync="TRUE">002</imsContentType><itemLocation><linkage Sync="TRUE">file://\\CORNICE\C$\Users\Andy\Documents\alaska\maps\add_coastpoly_minus_rockReClassifiedCopy</linkage><protocol Sync="TRUE">Local Area Network</protocol></itemLocation></itemProps><lineage><Process ToolSource="C:\Program Files (x86)\ArcGIS\Desktop10.0\ArcToolbox\Toolboxes\Analysis Tools.tbx\Erase" Date="20111004" Time="123520">Erase add_coastpoly add_rocks C:\Users\Andy\Documents\ArcGIS\Default.gdb\add_coastpoly_Erase #</Process><Process ToolSource="C:\Program Files (x86)\ArcGIS\Desktop10.0\ArcToolbox\Toolboxes\Data Management Tools.tbx\DefineProjection" Date="20111004" Time="144604">DefineProjection add_coastpoly_minus_rock PROJCS['WGS_1984_Stereographic_South_Pole',GEOGCS['GCS_WGS_1984',DATUM['D_WGS_1984',SPHEROID['WGS_1984',6378137.0,298.257223563]],PRIMEM['Greenwich',0.0],UNIT['Degree',0.0174532925199433]],PROJECTION['Stereographic_South_Pole'],PARAMETER['False_Easting',0.0],PARAMETER['False_Northing',0.0],PARAMETER['Central_Meridian',0.0],PARAMETER['Standard_Parallel_1',-71.0],UNIT['Meter',1.0]]</Process><Process ToolSource="C:\Program Files (x86)\ArcGIS\Desktop10.0\ArcToolbox\Toolboxes\Data Management Tools.tbx\CalculateField" Date="20111006" Time="102621">CalculateField add_coastpoly_minus_rockReClassified feat_type [cst00srf] VB #</Process><Process ToolSource="C:\Program Files (x86)\ArcGIS\Desktop10.0\ArcToolbox\Toolboxes\Data Management Tools.tbx\CalculateField" Date="20111006" Time="102716">CalculateField add_coastpoly_minus_rockReClassified feat_type "continent" VB #</Process><Process ToolSource="C:\Program Files (x86)\ArcGIS\Desktop10.0\ArcToolbox\Toolboxes\Data Management Tools.tbx\CalculateField" Date="20111006" Time="103034">CalculateField add_coastpoly_minus_rockReClassified feat_type "continent" VB #</Process><Process ToolSource="C:\Program Files (x86)\ArcGIS\Desktop10.0\ArcToolbox\Toolboxes\Data Management Tools.tbx\CalculateField" Date="20111006" Time="103220">CalculateField add_coastpoly_minus_rockReClassified feat_type "continent" VB #</Process><Process ToolSource="C:\Program Files (x86)\ArcGIS\Desktop10.0\ArcToolbox\Toolboxes\Data Management Tools.tbx\CalculateField" Date="20111006" Time="103312">CalculateField add_coastpoly_minus_rockReClassified feat_type "continent" VB #</Process><Process ToolSource="C:\Program Files (x86)\ArcGIS\Desktop10.0\ArcToolbox\Toolboxes\Data Management Tools.tbx\CalculateField" Date="20111006" Time="103437">CalculateField add_coastpoly_minus_rockReClassified feat_type "continent" VB #</Process><Process ToolSource="C:\Program Files (x86)\ArcGIS\Desktop10.0\ArcToolbox\Toolboxes\Data Management Tools.tbx\CalculateField" Date="20111006" Time="103600">CalculateField add_coastpoly_minus_rockReClassified feat_type "continent" VB #</Process><Process ToolSource="C:\Program Files (x86)\ArcGIS\Desktop10.0\ArcToolbox\Toolboxes\Data Management Tools.tbx\CalculateField" Date="20111006" Time="103624">CalculateField add_coastpoly_minus_rockReClassified feat_type "continent" VB #</Process><Process ToolSource="C:\Program Files (x86)\ArcGIS\Desktop10.0\ArcToolbox\Toolboxes\Data Management Tools.tbx\CalculateField" Date="20111006" Time="103649">CalculateField add_coastpoly_minus_rockReClassified feat_type "continent" VB #</Process><Process ToolSource="C:\Program Files (x86)\ArcGIS\Desktop10.0\ArcToolbox\Toolboxes\Data Management Tools.tbx\CalculateField" Date="20111006" Time="104043">CalculateField add_coastpoly_minus_rockReClassified feat_type "continent" VB #</Process><Process ToolSource="C:\Program Files (x86)\ArcGIS\Desktop10.0\ArcToolbox\Toolboxes\Data Management Tools.tbx\CalculateField" Date="20111006" Time="104102">CalculateField add_coastpoly_minus_rockReClassified feat_type "ice rise" VB #</Process><Process ToolSource="C:\Program Files (x86)\ArcGIS\Desktop10.0\ArcToolbox\Toolboxes\Data Management Tools.tbx\CalculateField" Date="20111006" Time="110649">CalculateField add_coastpoly_minus_rockReClassified feat_type "ice rise" VB #</Process><Process ToolSource="C:\Program Files (x86)\ArcGIS\Desktop10.0\ArcToolbox\Toolboxes\Data Management Tools.tbx\CalculateField" Date="20111006" Time="110730">CalculateField add_coastpoly_minus_rockReClassified feat_type "ice rise" VB #</Process><Process ToolSource="C:\Program Files (x86)\ArcGIS\Desktop10.0\ArcToolbox\Toolboxes\Data Management Tools.tbx\CalculateField" Date="20111006" Time="110941">CalculateField add_coastpoly_minus_rockReClassified feat_type "ice rise" VB #</Process><Process ToolSource="C:\Program Files (x86)\ArcGIS\Desktop10.0\ArcToolbox\Toolboxes\Data Management Tools.tbx\CalculateField" Date="20111006" Time="115254">CalculateField add_coastpoly_minus_rockReClassified feat_type "island" VB #</Process><Process ToolSource="C:\Program Files (x86)\ArcGIS\Desktop10.0\ArcToolbox\Toolboxes\Data Management Tools.tbx\CalculateField" Date="20111006" Time="115558">CalculateField add_coastpoly_minus_rockReClassified feat_type2 [feat_type] VB #</Process><Process ToolSource="C:\Program Files (x86)\ArcGIS\Desktop10.0\ArcToolbox\Toolboxes\Data Management Tools.tbx\CalculateField" Date="20111006" Time="115921">CalculateField add_coastpoly_minus_rockReClassified feat_type2 "ice rise" VB #</Process><Process ToolSource="C:\Program Files (x86)\ArcGIS\Desktop10.0\ArcToolbox\Toolboxes\Data Management Tools.tbx\CalculateField" Date="20111006" Time="120145">CalculateField add_coastpoly_minus_rockReClassified feat_type2 "ice rise" VB #</Process><Process ToolSource="C:\Program Files (x86)\ArcGIS\Desktop10.0\ArcToolbox\Toolboxes\Data Management Tools.tbx\CalculateField" Date="20111006" Time="120238">CalculateField add_coastpoly_minus_rockReClassified feat_type2 "ice rise" VB #</Process><Process ToolSource="C:\Program Files (x86)\ArcGIS\Desktop10.0\ArcToolbox\Toolboxes\Data Management Tools.tbx\CalculateField" Date="20111006" Time="120643">CalculateField add_coastpoly_minus_rockReClassified feat_type2 "ice rise" VB #</Process><Process ToolSource="C:\Program Files (x86)\ArcGIS\Desktop10.0\ArcToolbox\Toolboxes\Data Management Tools.tbx\CalculateField" Date="20111006" Time="120715">CalculateField add_coastpoly_minus_rockReClassified feat_type2 "ice rise" VB #</Process><Process ToolSource="C:\Program Files (x86)\ArcGIS\Desktop10.0\ArcToolbox\Toolboxes\Data Management Tools.tbx\CalculateField" Date="20111006" Time="121250">CalculateField add_coastpoly_minus_rockReClassified feat_type2 "ice rise" VB #</Process><Process ToolSource="C:\Program Files (x86)\ArcGIS\Desktop10.0\ArcToolbox\Toolboxes\Data Management Tools.tbx\CalculateField" Date="20111006" Time="121312">CalculateField add_coastpoly_minus_rockReClassified feat_type2 "ice rise" VB #</Process><Process ToolSource="C:\Program Files (x86)\ArcGIS\Desktop10.0\ArcToolbox\Toolboxes\Data Management Tools.tbx\CalculateField" Date="20111006" Time="172912">CalculateField add_coastpoly_minus_rockReClassified feat_type2 "island" VB #</Process><Process ToolSource="C:\Program Files (x86)\ArcGIS\Desktop10.0\ArcToolbox\Toolboxes\Data Management Tools.tbx\CalculateField" Date="20111006" Time="173122">CalculateField add_coastpoly_minus_rockReClassified feat_type2 "island" VB #</Process><Process ToolSource="C:\Program Files (x86)\ArcGIS\Desktop10.0\ArcToolbox\Toolboxes\Data Management Tools.tbx\CalculateField" Date="20111006" Time="173217">CalculateField add_coastpoly_minus_rockReClassified feat_type2 "island" VB #</Process><Process ToolSource="C:\Program Files (x86)\ArcGIS\Desktop10.0\ArcToolbox\Toolboxes\Data Management Tools.tbx\CalculateField" Date="20111006" Time="173325">CalculateField add_coastpoly_minus_rockReClassified feat_type2 "island" VB #</Process><Process ToolSource="C:\Program Files (x86)\ArcGIS\Desktop10.0\ArcToolbox\Toolboxes\Data Management Tools.tbx\CalculateField" Date="20111006" Time="173504">CalculateField add_coastpoly_minus_rockReClassified feat_type2 "island" VB #</Process><Process ToolSource="C:\Program Files (x86)\ArcGIS\Desktop10.0\ArcToolbox\Toolboxes\Data Management Tools.tbx\CalculateField" Date="20111006" Time="173618">CalculateField add_coastpoly_minus_rockReClassified feat_type2 "island" VB #</Process><Process ToolSource="C:\Program Files (x86)\ArcGIS\Desktop10.0\ArcToolbox\Toolboxes\Data Management Tools.tbx\CalculateField" Date="20111006" Time="174326">CalculateField add_coastpoly_minus_rockReClassified feat_type2 "ice rise" VB #</Process><Process ToolSource="C:\Program Files (x86)\ArcGIS\Desktop10.0\ArcToolbox\Toolboxes\Data Management Tools.tbx\CalculateField" Date="20111006" Time="174419">CalculateField add_coastpoly_minus_rockReClassified feat_type2 "ice cap" VB #</Process><Process ToolSource="C:\Program Files (x86)\ArcGIS\Desktop10.0\ArcToolbox\Toolboxes\Data Management Tools.tbx\CalculateField" Date="20111006" Time="174517">CalculateField add_coastpoly_minus_rockReClassified feat_type2 "ice cap" VB #</Process><Process ToolSource="C:\Program Files (x86)\ArcGIS\Desktop10.0\ArcToolbox\Toolboxes\Data Management Tools.tbx\CalculateField" Date="20111006" Time="174554">CalculateField add_coastpoly_minus_rockReClassified feat_type2 "ice cap" VB #</Process><Process ToolSource="C:\Program Files (x86)\ArcGIS\Desktop10.0\ArcToolbox\Toolboxes\Data Management Tools.tbx\CalculateField" Date="20111006" Time="174620">CalculateField add_coastpoly_minus_rockReClassified feat_type2 "ice cap" VB #</Process><Process ToolSource="C:\Program Files (x86)\ArcGIS\Desktop10.0\ArcToolbox\Toolboxes\Data Management Tools.tbx\CalculateField" Date="20111006" Time="174700">CalculateField add_coastpoly_minus_rockReClassified feat_type2 "ice cap" VB #</Process><Process ToolSource="C:\Program Files (x86)\ArcGIS\Desktop10.0\ArcToolbox\Toolboxes\Data Management Tools.tbx\CalculateField" Date="20111006" Time="174754">CalculateField add_coastpoly_minus_rockReClassified feat_type2 "ice cap" VB #</Process><Process ToolSource="C:\Program Files (x86)\ArcGIS\Desktop10.0\ArcToolbox\Toolboxes\Data Management Tools.tbx\CalculateField" Date="20111006" Time="174803">CalculateField add_coastpoly_minus_rockReClassified feat_type2 "ice cap" VB #</Process><Process ToolSource="C:\Program Files (x86)\ArcGIS\Desktop10.0\ArcToolbox\Toolboxes\Data Management Tools.tbx\CalculateField" Date="20111006" Time="174857">CalculateField add_coastpoly_minus_rockReClassified feat_type2 "ice cap" VB #</Process><Process ToolSource="C:\Program Files (x86)\ArcGIS\Desktop10.0\ArcToolbox\Toolboxes\Data Management Tools.tbx\CalculateField" Date="20111006" Time="174929">CalculateField add_coastpoly_minus_rockReClassified feat_type2 "ice cap" VB #</Process><Process ToolSource="C:\Program Files (x86)\ArcGIS\Desktop10.0\ArcToolbox\Toolboxes\Data Management Tools.tbx\CalculateField" Date="20111006" Time="175219">CalculateField add_coastpoly_minus_rockReClassified feat_type2 "ice cap" VB #</Process><Process ToolSource="C:\Program Files (x86)\ArcGIS\Desktop10.0\ArcToolbox\Toolboxes\Data Management Tools.tbx\CalculateField" Date="20111006" Time="175416">CalculateField add_coastpoly_minus_rockReClassified feat_type2 "ice cap" VB #</Process><Process ToolSource="C:\Program Files (x86)\ArcGIS\Desktop10.0\ArcToolbox\Toolboxes\Data Management Tools.tbx\CalculateField" Date="20111006" Time="175520">CalculateField add_coastpoly_minus_rockReClassified feat_type2 "ice rise" VB #</Process><Process ToolSource="C:\Program Files (x86)\ArcGIS\Desktop10.0\ArcToolbox\Toolboxes\Data Management Tools.tbx\CalculateField" Date="20111006" Time="175605">CalculateField add_coastpoly_minus_rockReClassified feat_type2 "ice rise" VB #</Process><Process ToolSource="C:\Program Files (x86)\ArcGIS\Desktop10.0\ArcToolbox\Toolboxes\Data Management Tools.tbx\CalculateField" Date="20111006" Time="175642">CalculateField add_coastpoly_minus_rockReClassified feat_type2 "ice rise" VB #</Process><Process ToolSource="C:\Program Files (x86)\ArcGIS\Desktop10.0\ArcToolbox\Toolboxes\Data Management Tools.tbx\CalculateField" Date="20111006" Time="175821">CalculateField add_coastpoly_minus_rockReClassified feat_type2 "ice cap" VB #</Process><Process ToolSource="C:\Program Files (x86)\ArcGIS\Desktop10.0\ArcToolbox\Toolboxes\Data Management Tools.tbx\CalculateField" Date="20111006" Time="175950">CalculateField add_coastpoly_minus_rockReClassified feat_type2 "ice rise" VB #</Process><Process ToolSource="C:\Program Files (x86)\ArcGIS\Desktop10.0\ArcToolbox\Toolboxes\Data Management Tools.tbx\CalculateField" Date="20111006" Time="180213">CalculateField add_coastpoly_minus_rockReClassified feat_type2 "ice rise" VB #</Process><Process ToolSource="C:\Program Files (x86)\ArcGIS\Desktop10.0\ArcToolbox\Toolboxes\Data Management Tools.tbx\CalculateField" Date="20111006" Time="180300">CalculateField add_coastpoly_minus_rockReClassified feat_type2 "ice rise" VB #</Process><Process ToolSource="C:\Program Files (x86)\ArcGIS\Desktop10.0\ArcToolbox\Toolboxes\Data Management Tools.tbx\CalculateField" Date="20111006" Time="180326">CalculateField add_coastpoly_minus_rockReClassified feat_type2 "ice rise" VB #</Process><Process ToolSource="C:\Program Files (x86)\ArcGIS\Desktop10.0\ArcToolbox\Toolboxes\Data Management Tools.tbx\CalculateField" Date="20111006" Time="180427">CalculateField add_coastpoly_minus_rockReClassified feat_type2 "ice cap" VB #</Process><Process ToolSource="C:\Program Files (x86)\ArcGIS\Desktop10.0\ArcToolbox\Toolboxes\Data Management Tools.tbx\CalculateField" Date="20111006" Time="180521">CalculateField add_coastpoly_minus_rockReClassified feat_type2 "ice cap" VB #</Process><Process ToolSource="C:\Program Files (x86)\ArcGIS\Desktop10.0\ArcToolbox\Toolboxes\Data Management Tools.tbx\CalculateField" Date="20111006" Time="180558">CalculateField add_coastpoly_minus_rockReClassified feat_type2 "ice rise" VB #</Process><Process ToolSource="C:\Program Files (x86)\ArcGIS\Desktop10.0\ArcToolbox\Toolboxes\Data Management Tools.tbx\CalculateField" Date="20111006" Time="181253">CalculateField add_coastpoly_minus_rockReClassified feat_type2 "ice rise" VB #</Process><Process ToolSource="C:\Program Files (x86)\ArcGIS\Desktop10.0\ArcToolbox\Toolboxes\Data Management Tools.tbx\CalculateField" Date="20111006" Time="181324">CalculateField add_coastpoly_minus_rockReClassified feat_type2 "ice cap" VB #</Process><Process ToolSource="C:\Program Files (x86)\ArcGIS\Desktop10.0\ArcToolbox\Toolboxes\Data Management Tools.tbx\CalculateField" Date="20111006" Time="181357">CalculateField add_coastpoly_minus_rockReClassified feat_type2 "ice rise" VB #</Process><Process ToolSource="C:\Program Files (x86)\ArcGIS\Desktop10.0\ArcToolbox\Toolboxes\Data Management Tools.tbx\CalculateField" Date="20111006" Time="181502">CalculateField add_coastpoly_minus_rockReClassified feat_type2 "ice cap" VB #</Process><Process ToolSource="C:\Program Files (x86)\ArcGIS\Desktop10.0\ArcToolbox\Toolboxes\Data Management Tools.tbx\CalculateField" Date="20111006" Time="181537">CalculateField add_coastpoly_minus_rockReClassified feat_type2 "ice cap" VB #</Process><Process ToolSource="C:\Program Files (x86)\ArcGIS\Desktop10.0\ArcToolbox\Toolboxes\Data Management Tools.tbx\CalculateField" Date="20111006" Time="181631">CalculateField add_coastpoly_minus_rockReClassified feat_type2 "ice rise" VB #</Process><Process ToolSource="C:\Program Files (x86)\ArcGIS\Desktop10.0\ArcToolbox\Toolboxes\Data Management Tools.tbx\CalculateField" Date="20111006" Time="181719">CalculateField add_coastpoly_minus_rockReClassified feat_type2 "ice rise" VB #</Process><Process ToolSource="C:\Program Files (x86)\ArcGIS\Desktop10.0\ArcToolbox\Toolboxes\Data Management Tools.tbx\CalculateField" Date="20111006" Time="181800">CalculateField add_coastpoly_minus_rockReClassified feat_type2 "ice rise" VB #</Process><Process ToolSource="C:\Program Files (x86)\ArcGIS\Desktop10.0\ArcToolbox\Toolboxes\Data Management Tools.tbx\CalculateField" Date="20111006" Time="181818">CalculateField add_coastpoly_minus_rockReClassified feat_type2 "ice cap" VB #</Process><Process ToolSource="C:\Program Files (x86)\ArcGIS\Desktop10.0\ArcToolbox\Toolboxes\Data Management Tools.tbx\CalculateField" Date="20111006" Time="181850">CalculateField add_coastpoly_minus_rockReClassified feat_type2 "ice cap" VB #</Process><Process ToolSource="C:\Program Files (x86)\ArcGIS\Desktop10.0\ArcToolbox\Toolboxes\Data Management Tools.tbx\CalculateField" Date="20111006" Time="182022">CalculateField add_coastpoly_minus_rockReClassified feat_type2 "ice cap" VB #</Process><Process ToolSource="C:\Program Files (x86)\ArcGIS\Desktop10.0\ArcToolbox\Toolboxes\Data Management Tools.tbx\CalculateField" Date="20111006" Time="182104">CalculateField add_coastpoly_minus_rockReClassified feat_type2 "ice rise" VB #</Process><Process ToolSource="C:\Program Files (x86)\ArcGIS\Desktop10.0\ArcToolbox\Toolboxes\Data Management Tools.tbx\CalculateField" Date="20111006" Time="182142">CalculateField add_coastpoly_minus_rockReClassified feat_type2 "ice cap" VB #</Process><Process ToolSource="C:\Program Files (x86)\ArcGIS\Desktop10.0\ArcToolbox\Toolboxes\Data Management Tools.tbx\CalculateField" Date="20111006" Time="182213">CalculateField add_coastpoly_minus_rockReClassified feat_type2 "ice rise" VB #</Process><Process ToolSource="C:\Program Files (x86)\ArcGIS\Desktop10.0\ArcToolbox\Toolboxes\Data Management Tools.tbx\CalculateField" Date="20111006" Time="182342">CalculateField add_coastpoly_minus_rockReClassified feat_type2 "ice rise" VB #</Process><Process ToolSource="C:\Program Files (x86)\ArcGIS\Desktop10.0\ArcToolbox\Toolboxes\Data Management Tools.tbx\CalculateField" Date="20111006" Time="182356">CalculateField add_coastpoly_minus_rockReClassified feat_type2 "ice cap" VB #</Process><Process ToolSource="C:\Program Files (x86)\ArcGIS\Desktop10.0\ArcToolbox\Toolboxes\Data Management Tools.tbx\CalculateField" Date="20111006" Time="182645">CalculateField add_coastpoly_minus_rockReClassified feat_type2 "ice cap" VB #</Process><Process ToolSource="C:\Program Files (x86)\ArcGIS\Desktop10.0\ArcToolbox\Toolboxes\Data Management Tools.tbx\CalculateField" Date="20111006" Time="182932">CalculateField add_coastpoly_minus_rockReClassified feat_type2 "ice cap" VB #</Process><Process ToolSource="C:\Program Files (x86)\ArcGIS\Desktop10.0\ArcToolbox\Toolboxes\Data Management Tools.tbx\CalculateField" Date="20111006" Time="182956">CalculateField add_coastpoly_minus_rockReClassified feat_type2 "ice cap" VB #</Process><Process ToolSource="C:\Program Files (x86)\ArcGIS\Desktop10.0\ArcToolbox\Toolboxes\Data Management Tools.tbx\CalculateField" Date="20111006" Time="183005">CalculateField add_coastpoly_minus_rockReClassified feat_type2 "ice cap" VB #</Process><Process ToolSource="C:\Program Files (x86)\ArcGIS\Desktop10.0\ArcToolbox\Toolboxes\Data Management Tools.tbx\CalculateField" Date="20111006" Time="183057">CalculateField add_coastpoly_minus_rockReClassified feat_type2 "ice cap" VB #</Process><Process ToolSource="C:\Program Files (x86)\ArcGIS\Desktop10.0\ArcToolbox\Toolboxes\Data Management Tools.tbx\CalculateField" Date="20111006" Time="183444">CalculateField add_coastpoly_minus_rockReClassified feat_type2 "ice rise" VB #</Process><Process ToolSource="C:\Program Files (x86)\ArcGIS\Desktop10.0\ArcToolbox\Toolboxes\Data Management Tools.tbx\CalculateField" Date="20111006" Time="183505">CalculateField add_coastpoly_minus_rockReClassified feat_type2 "ice cap" VB #</Process><Process ToolSource="C:\Program Files (x86)\ArcGIS\Desktop10.0\ArcToolbox\Toolboxes\Data Management Tools.tbx\CalculateField" Date="20111006" Time="183534">CalculateField add_coastpoly_minus_rockReClassified feat_type2 "ice cap" VB #</Process><Process ToolSource="C:\Program Files (x86)\ArcGIS\Desktop10.0\ArcToolbox\Toolboxes\Data Management Tools.tbx\CalculateField" Date="20111006" Time="183553">CalculateField add_coastpoly_minus_rockReClassified feat_type2 "ice cap" VB #</Process><Process ToolSource="C:\Program Files (x86)\ArcGIS\Desktop10.0\ArcToolbox\Toolboxes\Data Management Tools.tbx\CalculateField" Date="20111006" Time="183719">CalculateField add_coastpoly_minus_rockReClassified feat_type2 "ice cap" VB #</Process><Process ToolSource="C:\Program Files (x86)\ArcGIS\Desktop10.0\ArcToolbox\Toolboxes\Data Management Tools.tbx\CalculateField" Date="20111006" Time="183924">CalculateField add_coastpoly_minus_rockReClassified feat_type2 "ice rise" VB #</Process><Process ToolSource="C:\Program Files (x86)\ArcGIS\Desktop10.0\ArcToolbox\Toolboxes\Data Management Tools.tbx\CalculateField" Date="20111006" Time="183948">CalculateField add_coastpoly_minus_rockReClassified feat_type2 "ice rise" VB #</Process><Process ToolSource="C:\Program Files (x86)\ArcGIS\Desktop10.0\ArcToolbox\Toolboxes\Data Management Tools.tbx\CalculateField" Date="20111006" Time="184009">CalculateField add_coastpoly_minus_rockReClassified feat_type2 "ice cap" VB #</Process><Process ToolSource="C:\Program Files (x86)\ArcGIS\Desktop10.0\ArcToolbox\Toolboxes\Data Management Tools.tbx\CalculateField" Date="20111006" Time="184035">CalculateField add_coastpoly_minus_rockReClassified feat_type2 "ice shelf" VB #</Process><Process ToolSource="C:\Program Files (x86)\ArcGIS\Desktop10.0\ArcToolbox\Toolboxes\Data Management Tools.tbx\CalculateField" Date="20111006" Time="184207">CalculateField add_coastpoly_minus_rockReClassified feat_type2 "ice rise" VB #</Process><Process ToolSource="C:\Program Files (x86)\ArcGIS\Desktop10.0\ArcToolbox\Toolboxes\Data Management Tools.tbx\CalculateField" Date="20111006" Time="184221">CalculateField add_coastpoly_minus_rockReClassified feat_type2 "ice cap" VB #</Process><Process ToolSource="C:\Program Files (x86)\ArcGIS\Desktop10.0\ArcToolbox\Toolboxes\Data Management Tools.tbx\CalculateField" Date="20111006" Time="184411">CalculateField add_coastpoly_minus_rockReClassified feat_type2 "ice cap" VB #</Process><Process ToolSource="C:\Program Files (x86)\ArcGIS\Desktop10.0\ArcToolbox\Toolboxes\Data Management Tools.tbx\CalculateField" Date="20111006" Time="184440">CalculateField add_coastpoly_minus_rockReClassified feat_type2 "ice rise" VB #</Process><Process ToolSource="C:\Program Files (x86)\ArcGIS\Desktop10.0\ArcToolbox\Toolboxes\Data Management Tools.tbx\CalculateField" Date="20111007" Time="094937">CalculateField add_coastpoly_minus_rockReClassified feat_type2 "ice cap" VB #</Process><Process ToolSource="C:\Program Files (x86)\ArcGIS\Desktop10.0\ArcToolbox\Toolboxes\Data Management Tools.tbx\CalculateField" Date="20111007" Time="095053">CalculateField add_coastpoly_minus_rockReClassified feat_type2 "ice cap" VB #</Process><Process ToolSource="C:\Program Files (x86)\ArcGIS\Desktop10.0\ArcToolbox\Toolboxes\Data Management Tools.tbx\CalculateField" Date="20111007" Time="095424">CalculateField add_coastpoly_minus_rockReClassified feat_type2 "ice cap" VB #</Process><Process ToolSource="C:\Program Files (x86)\ArcGIS\Desktop10.0\ArcToolbox\Toolboxes\Data Management Tools.tbx\CalculateField" Date="20111007" Time="095438">CalculateField add_coastpoly_minus_rockReClassified feat_type2 "ice rise" VB #</Process><Process ToolSource="C:\Program Files (x86)\ArcGIS\Desktop10.0\ArcToolbox\Toolboxes\Data Management Tools.tbx\CalculateField" Date="20111007" Time="095951">CalculateField add_coastpoly_minus_rockReClassified feat_type2 "ice cap" VB #</Process><Process ToolSource="C:\Program Files (x86)\ArcGIS\Desktop10.0\ArcToolbox\Toolboxes\Data Management Tools.tbx\CalculateField" Date="20111007" Time="100011">CalculateField add_coastpoly_minus_rockReClassified feat_type2 "ice rise" VB #</Process><Process ToolSource="C:\Program Files (x86)\ArcGIS\Desktop10.0\ArcToolbox\Toolboxes\Data Management Tools.tbx\CalculateField" Date="20111007" Time="100244">CalculateField add_coastpoly_minus_rockReClassified feat_type2 "ice rise" VB #</Process><Process ToolSource="C:\Program Files (x86)\ArcGIS\Desktop10.0\ArcToolbox\Toolboxes\Data Management Tools.tbx\CalculateField" Date="20111007" Time="100345">CalculateField add_coastpoly_minus_rockReClassified feat_type2 "ice cap" VB #</Process><Process ToolSource="C:\Program Files (x86)\ArcGIS\Desktop10.0\ArcToolbox\Toolboxes\Data Management Tools.tbx\CalculateField" Date="20111007" Time="100446">CalculateField add_coastpoly_minus_rockReClassified feat_type2 "ice rise" VB #</Process><Process ToolSource="C:\Program Files (x86)\ArcGIS\Desktop10.0\ArcToolbox\Toolboxes\Data Management Tools.tbx\CalculateField" Date="20111007" Time="100554">CalculateField add_coastpoly_minus_rockReClassified feat_type2 "ice rise" VB #</Process><Process ToolSource="C:\Program Files (x86)\ArcGIS\Desktop10.0\ArcToolbox\Toolboxes\Data Management Tools.tbx\CalculateField" Date="20111007" Time="100638">CalculateField add_coastpoly_minus_rockReClassified feat_type2 "ice rise" VB #</Process><Process ToolSource="C:\Program Files (x86)\ArcGIS\Desktop10.0\ArcToolbox\Toolboxes\Data Management Tools.tbx\CalculateField" Date="20111007" Time="100909">CalculateField add_coastpoly_minus_rockReClassified feat_type2 "ice rise" VB #</Process><Process ToolSource="C:\Program Files (x86)\ArcGIS\Desktop10.0\ArcToolbox\Toolboxes\Data Management Tools.tbx\CalculateField" Date="20111007" Time="101019">CalculateField add_coastpoly_minus_rockReClassified feat_type2 "ice rise" VB #</Process><Process ToolSource="C:\Program Files (x86)\ArcGIS\Desktop10.0\ArcToolbox\Toolboxes\Data Management Tools.tbx\CalculateField" Date="20111007" Time="101205">CalculateField add_coastpoly_minus_rockReClassified feat_type2 "ice rise" VB #</Process><Process ToolSource="C:\Program Files (x86)\ArcGIS\Desktop10.0\ArcToolbox\Toolboxes\Data Management Tools.tbx\CalculateField" Date="20111007" Time="101231">CalculateField add_coastpoly_minus_rockReClassified feat_type2 "ice cap" VB #</Process><Process ToolSource="C:\Program Files (x86)\ArcGIS\Desktop10.0\ArcToolbox\Toolboxes\Data Management Tools.tbx\CalculateField" Date="20111007" Time="101440">CalculateField add_coastpoly_minus_rockReClassified feat_type2 "ice rise" VB #</Process><Process ToolSource="C:\Program Files (x86)\ArcGIS\Desktop10.0\ArcToolbox\Toolboxes\Data Management Tools.tbx\CalculateField" Date="20111007" Time="101648">CalculateField add_coastpoly_minus_rockReClassified feat_type2 "ice rise" VB #</Process><Process ToolSource="C:\Program Files (x86)\ArcGIS\Desktop10.0\ArcToolbox\Toolboxes\Data Management Tools.tbx\CalculateField" Date="20111007" Time="102313">CalculateField add_coastpoly_minus_rockReClassified feat_type2 "ice rise" VB #</Process><Process ToolSource="C:\Program Files (x86)\ArcGIS\Desktop10.0\ArcToolbox\Toolboxes\Data Management Tools.tbx\CalculateField" Date="20111007" Time="102435">CalculateField add_coastpoly_minus_rockReClassified feat_type2 "ice rise" VB #</Process><Process ToolSource="C:\Program Files (x86)\ArcGIS\Desktop10.0\ArcToolbox\Toolboxes\Data Management Tools.tbx\CalculateField" Date="20111007" Time="102453">CalculateField add_coastpoly_minus_rockReClassified feat_type2 "ice cap" VB #</Process><Process ToolSource="C:\Program Files (x86)\ArcGIS\Desktop10.0\ArcToolbox\Toolboxes\Data Management Tools.tbx\CalculateField" Date="20111007" Time="102545">CalculateField add_coastpoly_minus_rockReClassified feat_type2 "ice cap" VB #</Process><Process ToolSource="C:\Program Files (x86)\ArcGIS\Desktop10.0\ArcToolbox\Toolboxes\Data Management Tools.tbx\CalculateField" Date="20111007" Time="102557">CalculateField add_coastpoly_minus_rockReClassified feat_type2 "ice cap" VB #</Process><Process ToolSource="C:\Program Files (x86)\ArcGIS\Desktop10.0\ArcToolbox\Toolboxes\Data Management Tools.tbx\CalculateField" Date="20111007" Time="102627">CalculateField add_coastpoly_minus_rockReClassified feat_type2 "ice rise" VB #</Process><Process ToolSource="C:\Program Files (x86)\ArcGIS\Desktop10.0\ArcToolbox\Toolboxes\Data Management Tools.tbx\CalculateField" Date="20111007" Time="102716">CalculateField add_coastpoly_minus_rockReClassified feat_type2 "ice rise" VB #</Process><Process ToolSource="C:\Program Files (x86)\ArcGIS\Desktop10.0\ArcToolbox\Toolboxes\Data Management Tools.tbx\CalculateField" Date="20111007" Time="102947">CalculateField add_coastpoly_minus_rockReClassified feat_type2 "ice rise" VB #</Process><Process ToolSource="C:\Program Files (x86)\ArcGIS\Desktop10.0\ArcToolbox\Toolboxes\Data Management Tools.tbx\CalculateField" Date="20111007" Time="103022">CalculateField add_coastpoly_minus_rockReClassified feat_type2 "ice cap" VB #</Process><Process ToolSource="C:\Program Files (x86)\ArcGIS\Desktop10.0\ArcToolbox\Toolboxes\Data Management Tools.tbx\CalculateField" Date="20111007" Time="103741">CalculateField add_coastpoly_minus_rockReClassified feat_type2 "ice cap" VB #</Process><Process ToolSource="C:\Program Files (x86)\ArcGIS\Desktop10.0\ArcToolbox\Toolboxes\Data Management Tools.tbx\CalculateField" Date="20111007" Time="103807">CalculateField add_coastpoly_minus_rockReClassified feat_type2 "ice cap" VB #</Process><Process ToolSource="C:\Program Files (x86)\ArcGIS\Desktop10.0\ArcToolbox\Toolboxes\Data Management Tools.tbx\CalculateField" Date="20111007" Time="104020">CalculateField add_coastpoly_minus_rockReClassified feat_type2 "ice cap" VB #</Process><Process ToolSource="C:\Program Files (x86)\ArcGIS\Desktop10.0\ArcToolbox\Toolboxes\Data Management Tools.tbx\CalculateField" Date="20111007" Time="104352">CalculateField add_coastpoly_minus_rockReClassified feat_type2 "ice rise" VB #</Process><Process ToolSource="C:\Program Files (x86)\ArcGIS\Desktop10.0\ArcToolbox\Toolboxes\Data Management Tools.tbx\CalculateField" Date="20111007" Time="111957">CalculateField add_coastpoly_minus_rockReClassified feat_type2 "ice rise" VB #</Process><Process ToolSource="C:\Program Files (x86)\ArcGIS\Desktop10.0\ArcToolbox\Toolboxes\Data Management Tools.tbx\CalculateField" Date="20111007" Time="112058">CalculateField add_coastpoly_minus_rockReClassified feat_type2 "ice cap" VB #</Process><Process ToolSource="C:\Program Files (x86)\ArcGIS\Desktop10.0\ArcToolbox\Toolboxes\Data Management Tools.tbx\CalculateField" Date="20111007" Time="112146">CalculateField add_coastpoly_minus_rockReClassified feat_type2 "ice cap" VB #</Process><Process ToolSource="C:\Program Files (x86)\ArcGIS\Desktop10.0\ArcToolbox\Toolboxes\Data Management Tools.tbx\CalculateField" Date="20111007" Time="112253">CalculateField add_coastpoly_minus_rockReClassified feat_type2 "ice cap" VB #</Process><Process ToolSource="C:\Program Files (x86)\ArcGIS\Desktop10.0\ArcToolbox\Toolboxes\Data Management Tools.tbx\CalculateField" Date="20111007" Time="112406">CalculateField add_coastpoly_minus_rockReClassified feat_type2 "ice rise" VB #</Process><Process ToolSource="C:\Program Files (x86)\ArcGIS\Desktop10.0\ArcToolbox\Toolboxes\Data Management Tools.tbx\CalculateField" Date="20111007" Time="112458">CalculateField add_coastpoly_minus_rockReClassified feat_type2 "ice rise" VB #</Process><Process ToolSource="C:\Program Files (x86)\ArcGIS\Desktop10.0\ArcToolbox\Toolboxes\Data Management Tools.tbx\CalculateField" Date="20111007" Time="112513">CalculateField add_coastpoly_minus_rockReClassified feat_type2 "ice rise" VB #</Process><Process ToolSource="C:\Program Files (x86)\ArcGIS\Desktop10.0\ArcToolbox\Toolboxes\Data Management Tools.tbx\CalculateField" Date="20111007" Time="112546">CalculateField add_coastpoly_minus_rockReClassified feat_type2 "ice rise" VB #</Process><Process ToolSource="C:\Program Files (x86)\ArcGIS\Desktop10.0\ArcToolbox\Toolboxes\Data Management Tools.tbx\CalculateField" Date="20111007" Time="112619">CalculateField add_coastpoly_minus_rockReClassified feat_type2 "ice rise" VB #</Process><Process ToolSource="C:\Program Files (x86)\ArcGIS\Desktop10.0\ArcToolbox\Toolboxes\Data Management Tools.tbx\CalculateField" Date="20111007" Time="112716">CalculateField add_coastpoly_minus_rockReClassified feat_type2 "ice rise" VB #</Process><Process ToolSource="C:\Program Files (x86)\ArcGIS\Desktop10.0\ArcToolbox\Toolboxes\Data Management Tools.tbx\CalculateField" Date="20111007" Time="112807">CalculateField add_coastpoly_minus_rockReClassified feat_type2 "ice rise" VB #</Process><Process ToolSource="C:\Program Files (x86)\ArcGIS\Desktop10.0\ArcToolbox\Toolboxes\Data Management Tools.tbx\CalculateField" Date="20111007" Time="113215">CalculateField add_coastpoly_minus_rockReClassified feat_type2 "ice rise" VB #</Process><Process ToolSource="C:\Program Files (x86)\ArcGIS\Desktop10.0\ArcToolbox\Toolboxes\Data Management Tools.tbx\CalculateField" Date="20111007" Time="113227">CalculateField add_coastpoly_minus_rockReClassified feat_type2 "ice cap" VB #</Process><Process ToolSource="C:\Program Files (x86)\ArcGIS\Desktop10.0\ArcToolbox\Toolboxes\Data Management Tools.tbx\CalculateField" Date="20111007" Time="113354">CalculateField add_coastpoly_minus_rockReClassified feat_type2 "ice cap" VB #</Process><Process ToolSource="C:\Program Files (x86)\ArcGIS\Desktop10.0\ArcToolbox\Toolboxes\Data Management Tools.tbx\CalculateField" Date="20111007" Time="113454">CalculateField add_coastpoly_minus_rockReClassified feat_type2 "ice cap" VB #</Process><Process ToolSource="C:\Program Files (x86)\ArcGIS\Desktop10.0\ArcToolbox\Toolboxes\Data Management Tools.tbx\CalculateField" Date="20111007" Time="113802">CalculateField add_coastpoly_minus_rockReClassified feat_type2 "ice cap" VB #</Process><Process ToolSource="C:\Program Files (x86)\ArcGIS\Desktop10.0\ArcToolbox\Toolboxes\Data Management Tools.tbx\CalculateField" Date="20111007" Time="113925">CalculateField add_coastpoly_minus_rockReClassified feat_type2 "ice cap" VB #</Process><Process ToolSource="C:\Program Files (x86)\ArcGIS\Desktop10.0\ArcToolbox\Toolboxes\Data Management Tools.tbx\CalculateField" Date="20111007" Time="114120">CalculateField add_coastpoly_minus_rockReClassified feat_type2 "ice cap" VB #</Process><Process ToolSource="C:\Program Files (x86)\ArcGIS\Desktop10.0\ArcToolbox\Toolboxes\Data Management Tools.tbx\CalculateField" Date="20111007" Time="114218">CalculateField add_coastpoly_minus_rockReClassified feat_type2 "ice cap" VB #</Process><Process ToolSource="C:\Program Files (x86)\ArcGIS\Desktop10.0\ArcToolbox\Toolboxes\Data Management Tools.tbx\CalculateField" Date="20111007" Time="114347">CalculateField add_coastpoly_minus_rockReClassified feat_type2 "ice cap" VB #</Process><Process ToolSource="C:\Program Files (x86)\ArcGIS\Desktop10.0\ArcToolbox\Toolboxes\Data Management Tools.tbx\CalculateField" Date="20111007" Time="114410">CalculateField add_coastpoly_minus_rockReClassified feat_type2 "ice cap" VB #</Process><Process ToolSource="C:\Program Files (x86)\ArcGIS\Desktop10.0\ArcToolbox\Toolboxes\Data Management Tools.tbx\CalculateField" Date="20111007" Time="114439">CalculateField add_coastpoly_minus_rockReClassified feat_type2 "ice rise" VB #</Process><Process ToolSource="C:\Program Files (x86)\ArcGIS\Desktop10.0\ArcToolbox\Toolboxes\Data Management Tools.tbx\CalculateField" Date="20111007" Time="114547">CalculateField add_coastpoly_minus_rockReClassified feat_type2 "ice cap" VB #</Process><Process ToolSource="C:\Program Files (x86)\ArcGIS\Desktop10.0\ArcToolbox\Toolboxes\Data Management Tools.tbx\CalculateField" Date="20111007" Time="114626">CalculateField add_coastpoly_minus_rockReClassified feat_type2 "ice rise" VB #</Process><Process ToolSource="C:\Program Files (x86)\ArcGIS\Desktop10.0\ArcToolbox\Toolboxes\Data Management Tools.tbx\CalculateField" Date="20111007" Time="114913">CalculateField add_coastpoly_minus_rockReClassified feat_type2 "ice cap" VB #</Process><Process ToolSource="C:\Program Files (x86)\ArcGIS\Desktop10.0\ArcToolbox\Toolboxes\Data Management Tools.tbx\CalculateField" Date="20111007" Time="120619">CalculateField add_coastpoly_minus_rockReClassified feat_type2 "ice cap" VB #</Process><Process ToolSource="C:\Program Files (x86)\ArcGIS\Desktop10.0\ArcToolbox\Toolboxes\Data Management Tools.tbx\CalculateField" Date="20111007" Time="120652">CalculateField add_coastpoly_minus_rockReClassified feat_type2 "ice cap" VB #</Process><Process ToolSource="C:\Program Files (x86)\ArcGIS\Desktop10.0\ArcToolbox\Toolboxes\Data Management Tools.tbx\CalculateField" Date="20111007" Time="121311">CalculateField add_coastpoly_minus_rockReClassified feat_type2 "ice cap" VB #</Process><Process ToolSource="C:\Program Files (x86)\ArcGIS\Desktop10.0\ArcToolbox\Toolboxes\Data Management Tools.tbx\CalculateField" Date="20111007" Time="121524">CalculateField add_coastpoly_minus_rockReClassified feat_type2 "ice cap" VB #</Process><Process ToolSource="C:\Program Files (x86)\ArcGIS\Desktop10.0\ArcToolbox\Toolboxes\Data Management Tools.tbx\CalculateField" Date="20111007" Time="121621">CalculateField add_coastpoly_minus_rockReClassified feat_type2 "ice cap" VB #</Process><Process ToolSource="C:\Program Files (x86)\ArcGIS\Desktop10.0\ArcToolbox\Toolboxes\Data Management Tools.tbx\CalculateField" Date="20111007" Time="121702">CalculateField add_coastpoly_minus_rockReClassified feat_type2 "ice cap" VB #</Process><Process ToolSource="C:\Program Files (x86)\ArcGIS\Desktop10.0\ArcToolbox\Toolboxes\Data Management Tools.tbx\CalculateField" Date="20111007" Time="121850">CalculateField add_coastpoly_minus_rockReClassified feat_type2 "ice cap" VB #</Process><Process ToolSource="C:\Program Files (x86)\ArcGIS\Desktop10.0\ArcToolbox\Toolboxes\Data Management Tools.tbx\CalculateField" Date="20111007" Time="122057">CalculateField add_coastpoly_minus_rockReClassified feat_type2 "ice cap" VB #</Process><Process ToolSource="C:\Program Files (x86)\ArcGIS\Desktop10.0\ArcToolbox\Toolboxes\Data Management Tools.tbx\CalculateField" Date="20111007" Time="122358">CalculateField add_coastpoly_minus_rockReClassified feat_type2 "ice rise" VB #</Process><Process ToolSource="C:\Program Files (x86)\ArcGIS\Desktop10.0\ArcToolbox\Toolboxes\Data Management Tools.tbx\CalculateField" Date="20111007" Time="122427">CalculateField add_coastpoly_minus_rockReClassified feat_type2 "ice cap" VB #</Process><Process ToolSource="C:\Program Files (x86)\ArcGIS\Desktop10.0\ArcToolbox\Toolboxes\Data Management Tools.tbx\CalculateField" Date="20111007" Time="122438">CalculateField add_coastpoly_minus_rockReClassified feat_type2 "ice cap" VB #</Process><Process ToolSource="C:\Program Files (x86)\ArcGIS\Desktop10.0\ArcToolbox\Toolboxes\Data Management Tools.tbx\CalculateField" Date="20111007" Time="122713">CalculateField add_coastpoly_minus_rockReClassified feat_type2 "ice cap" VB #</Process><Process ToolSource="C:\Program Files (x86)\ArcGIS\Desktop10.0\ArcToolbox\Toolboxes\Data Management Tools.tbx\CalculateField" Date="20111007" Time="123303">CalculateField add_coastpoly_minus_rockReClassified feat_type2 "ice cap" VB #</Process><Process ToolSource="C:\Program Files (x86)\ArcGIS\Desktop10.0\ArcToolbox\Toolboxes\Data Management Tools.tbx\CalculateField" Date="20111007" Time="123411">CalculateField add_coastpoly_minus_rockReClassified feat_type2 "ice rise" VB #</Process><Process ToolSource="C:\Program Files (x86)\ArcGIS\Desktop10.0\ArcToolbox\Toolboxes\Data Management Tools.tbx\CalculateField" Date="20111007" Time="123511">CalculateField add_coastpoly_minus_rockReClassified feat_type2 "ice rise" VB #</Process><Process ToolSource="C:\Program Files (x86)\ArcGIS\Desktop10.0\ArcToolbox\Toolboxes\Data Management Tools.tbx\Project" Date="20120417" Time="161040">Project add_coastpoly_minus_rockReClassVel C:\Users\Andy\Documents\alaska\maps\add_coastpoly_minus_rockReClassVelLamb.shp PROJCS['South_Pole_Lambert_Azimuthal_Equal_Area',GEOGCS['GCS_WGS_1984',DATUM['D_WGS_1984',SPHEROID['WGS_1984',6378137.0,298.257223563]],PRIMEM['Greenwich',0.0],UNIT['Degree',0.0174532925199433]],PROJECTION['Lambert_Azimuthal_Equal_Area'],PARAMETER['False_Easting',0.0],PARAMETER['False_Northing',0.0],PARAMETER['Central_Meridian',0.0],PARAMETER['Latitude_Of_Origin',-90.0],UNIT['Meter',1.0]] # PROJCS['WGS_1984_Stereographic_South_Pole',GEOGCS['GCS_WGS_1984',DATUM['D_WGS_1984',SPHEROID['WGS_1984',6378137.0,298.257223563]],PRIMEM['Greenwich',0.0],UNIT['Degree',0.0174532925199433]],PROJECTION['Stereographic_South_Pole'],PARAMETER['False_Easting',0.0],PARAMETER['False_Northing',0.0],PARAMETER['Central_Meridian',0.0],PARAMETER['Standard_Parallel_1',-71.0],UNIT['Meter',1.0]]</Process></lineage><copyHistory><copy source="C:\Users\Andy\Documents\alaska\maps\add_coastpoly_minus_rockReClassified" dest="\\CORNICE\C$\Users\Andy\Documents\alaska\maps\add_coastpoly_minus_rockReClassifiedCopy" date="20120215" time="17101500"></copy></copyHistory></DataProperties><SyncDate>20111004</SyncDate><SyncTime>12325100</SyncTime><ModDate>20111004</ModDate><ModTime>12325100</ModTime></Esri><dataIdInfo><envirDesc Sync="TRUE">Microsoft Windows Server 2008 R2 Version 6.1 (Build 7601) Service Pack 1; ESRI ArcGIS 10.0.0.2414</envirDesc><dataLang><languageCode value="eng" country="USA"></languageCode></dataLang><idCitation><resTitle Sync="TRUE">add_coastpoly_Erase</resTitle><presForm><PresFormCd value="005"></PresFormCd></presForm></idCitation><descKeys><thesaName uuidref="723f6998-058e-11dc-8314-0800200c9a66"></thesaName><keyword Sync="TRUE">002</keyword></descKeys><spatRpType><SpatRepTypCd value="001"></SpatRepTypCd></spatRpType></dataIdInfo><mdLang><languageCode value="eng"></languageCode></mdLang><distInfo><distFormat><formatName Sync="TRUE">File Geodatabase Feature Class</formatName></distFormat></distInfo><mdHrLv><ScopeCd value="005"></ScopeCd></mdHrLv><mdHrLvName Sync="TRUE">dataset</mdHrLvName><spdoinfo><ptvctinf><esriterm Name="add_coastpoly_Erase"><efeatyp Sync="TRUE">Simple</efeatyp><efeageom Sync="TRUE">4</efeageom><esritopo Sync="TRUE">FALSE</esritopo><efeacnt Sync="TRUE">0</efeacnt><spindex Sync="TRUE">TRUE</spindex><linrefer Sync="TRUE">FALSE</linrefer></esriterm></ptvctinf></spdoinfo><spatRepInfo><VectSpatRep><topLvl><TopoLevCd value="001"></TopoLevCd></topLvl><geometObjs><geoObjTyp><GeoObjTypCd value="002"></GeoObjTypCd><geoObjCnt Sync="TRUE">0</geoObjCnt></geoObjTyp></geometObjs></VectSpatRep></spatRepInfo><eainfo><detailed Name="add_coastpoly_Erase"><enttyp><enttypl Sync="TRUE">add_coastpoly_Erase</enttypl><enttypt Sync="TRUE">Feature Class</enttypt><enttypc Sync="TRUE">0</enttypc></enttyp><attr><attrlabl Sync="TRUE">OBJECTID</attrlabl><attalias Sync="TRUE">OBJECTID</attalias><attrtype Sync="TRUE">OID</attrtype><attwidth Sync="TRUE">4</attwidth><atprecis Sync="TRUE">0</atprecis><attscale Sync="TRUE">0</attscale><attrdef Sync="TRUE">Internal feature number.</attrdef><attrdefs Sync="TRUE">ESRI</attrdefs><attrdomv><udom Sync="TRUE">Sequential unique whole numbers that are automatically generated.</udom></attrdomv></attr><attr><attrlabl Sync="TRUE">Shape</attrlabl><attalias Sync="TRUE">Shape</attalias><attrtype Sync="TRUE">Geometry</attrtype><attwidth Sync="TRUE">0</attwidth><atprecis Sync="TRUE">0</atprecis><attscale Sync="TRUE">0</attscale><attrdef Sync="TRUE">Feature geometry.</attrdef><attrdefs Sync="TRUE">ESRI</attrdefs><attrdomv><udom Sync="TRUE">Coordinates defining the features.</udom></attrdomv></attr><attr><attrlabl Sync="TRUE">area</attrlabl><attalias Sync="TRUE">area</attalias><attrtype Sync="TRUE">Double</attrtype><attwidth Sync="TRUE">8</attwidth><atprecis Sync="TRUE">0</atprecis><attscale Sync="TRUE">0</attscale></attr><attr><attrlabl Sync="TRUE">perimeter</attrlabl><attalias Sync="TRUE">perimeter</attalias><attrtype Sync="TRUE">Double</attrtype><attwidth Sync="TRUE">8</attwidth><atprecis Sync="TRUE">0</atprecis><attscale Sync="TRUE">0</attscale></attr><attr><attrlabl Sync="TRUE">coast00_</attrlabl><attalias Sync="TRUE">coast00_</attalias><attrtype Sync="TRUE">Double</attrtype><attwidth Sync="TRUE">8</attwidth><atprecis Sync="TRUE">0</atprecis><attscale Sync="TRUE">0</attscale></attr><attr><attrlabl Sync="TRUE">coast00_id</attrlabl><attalias Sync="TRUE">coast00_id</attalias><attrtype Sync="TRUE">Double</attrtype><attwidth Sync="TRUE">8</attwidth><atprecis Sync="TRUE">0</atprecis><attscale Sync="TRUE">0</attscale></attr><attr><attrlabl Sync="TRUE">cst00srf</attrlabl><attalias Sync="TRUE">cst00srf</attalias><attrtype Sync="TRUE">String</attrtype><attwidth Sync="TRUE">10</attwidth><atprecis Sync="TRUE">0</atprecis><attscale Sync="TRUE">0</attscale></attr><attr><attrlabl Sync="TRUE">feature_ty</attrlabl><attalias Sync="TRUE">feature_ty</attalias><attrtype Sync="TRUE">String</attrtype><attwidth Sync="TRUE">6</attwidth><atprecis Sync="TRUE">0</atprecis><attscale Sync="TRUE">0</attscale></attr><attr><attrlabl Sync="TRUE">Shape_Length</attrlabl><attalias Sync="TRUE">Shape_Length</attalias><attrtype Sync="TRUE">Double</attrtype><attwidth Sync="TRUE">8</attwidth><atprecis Sync="TRUE">0</atprecis><attscale Sync="TRUE">0</attscale><attrdef Sync="TRUE">Length of feature in internal units.</attrdef><attrdefs Sync="TRUE">ESRI</attrdefs><attrdomv><udom Sync="TRUE">Positive real numbers that are automatically generated.</udom></attrdomv></attr><attr><attrlabl Sync="TRUE">Shape_Area</attrlabl><attalias Sync="TRUE">Shape_Area</attalias><attrtype Sync="TRUE">Double</attrtype><attwidth Sync="TRUE">8</attwidth><atprecis Sync="TRUE">0</atprecis><attscale Sync="TRUE">0</attscale><attrdef Sync="TRUE">Area of feature in internal units squared.</attrdef><attrdefs Sync="TRUE">ESRI</attrdefs><attrdomv><udom Sync="TRUE">Positive real numbers that are automatically generated.</udom></attrdomv></attr></detailed></eainfo><mdDateSt Sync="TRUE">20111004</mdDateSt></metadata>
