<?xml version="1.0" encoding="UTF-8"?>
<metadata xml:lang="en"><Esri><CreaDate>20201125</CreaDate><CreaTime>12384000</CreaTime><ArcGISFormat>1.0</ArcGISFormat><ArcGISstyle>ISO 19139 Metadata Implementation Specification</ArcGISstyle><SyncOnce>TRUE</SyncOnce><DataProperties><itemProps><itemLocation><linkage Sync="TRUE">file://\\BS-LAUGER-D1\C$\Laura\2020\QGREENLAND\for_Alice\Greenland_coast_final</linkage><protocol Sync="TRUE">Local Area Network</protocol></itemLocation></itemProps><copyHistory><copy source="C:\Laura\2020\QGREENLAND\My_data\Greenland_coast_final" dest="\\BS-LAUGER-D1\C$\Laura\2020\QGREENLAND\for_Alice\Greenland_coast_final" date="20201125" time="12384000"></copy></copyHistory><lineage><Process ToolSource="c:\program files (x86)\arcgis\desktop10.6\ArcToolbox\Toolboxes\Data Management Tools.tbx\CalculateField" Date="20201125" Time="120626">CalculateField Greenland_coast_final surface "land" VB #</Process></lineage></DataProperties></Esri></metadata>
